UserName,Email,Password,PasswordConfirmation
^ld7cwqJ6VSI8h$,jillian.kihn@yahoo.com,9QzGteA3TwL2i$,9QzGteA3TwL2i$
^u1WeuW5hW7$,candra.zemlak@hotmail.com,z79brEJl0$,z79brEJl0$
^b90B6R5T$,lakenya.williamson@gmail.com,uehoqvbl$,uehoqvbl$
^B6YF074i24$,manual.wintheiser@hotmail.com,fm5AIM8lHV$,fm5AIM8lHV$
^NGoGruUWx$,noel.farrell@hotmail.com,Dm60jp93$,Dm60jp93$
^xo169C4U$,hilary.johnson@hotmail.com,Y2l4no6m$,Y2l4no6m$
^Vxw2BnFG$,willie.kiehn@gmail.com,b6OhX21HI26vjJP8nS7Dh$,b6OhX21HI26vjJP8nS7Dh$
^Svo19QIgs5dR9W06c$,mary.lakin@hotmail.com,CZn4860r$,CZn4860r$
^BMc79kJb2$,virginia.lang@gmail.com,Y0sQqxFB0P$,Y0sQqxFB0P$
^S9K8H6nK$,norberto.frami@hotmail.com,4orEFZwQ14$,4orEFZwQ14$
